0, plota, referencesnotes, demographicsthe, biographyborn, rîurile
1, school, use, state, war, include
2, game, season, album, team, win
3, war, force, use, army, government
4, team, army, force, war, win
5, team, league, army, force, division
6, album, war, army, song, film
7, line, air, station, regiment, album
8, city, station, street, park, church
9, use, system, air, game, car
10, album, band, bar, song, party
11, mathbf, film, station, party, frac
12, album, university, game, music, song
13, race, car, clt, bri, rch
14, game, district, line, station, episode
15, gsm, operational, lte, unknown, telecom
16, game, university, college, right, station
17, film, match, championship, station, world
18, game, county, film, city, population
19, regiment, court, battalion, brigade, division
20, bgcolor, style, rowspan, right, center
21, air, aircraft, center, left, mathbf
22, usa, ale, brewing, left, commend
23, party, left, church, engine, car
24, center, mathbf, game, championship, defeat
25, right, party, frac, university, left
26, line, language, railway, train, clt
27, ret, film, right, court, language
28, church, ale, party, brewing, film
29, commend, highly, church, game, film
30, church, episode, party, line, ret
31, film, line, university, right, water
32, center, right, film, league, align
33, right, episode, frac, series, company
34, mathbf, court, school, file, student
35, frac, ret, center, art, israel
36, language, car, county, engine, vehicle
37, bwv, episode, center, court, commend
38, ret, season, station, king, tax
39, mathbf, water, art, israel, right
40, art, museum, woman, frac, episode
41, september, cell, german, october, school
42, war, german, episode, team, band
43, district, oblast, county, league, cell
44, team, wrestling, film, chinese, championship
45, church, island, ship, episode, language
46, district, oblast, airport, university, rural
47, match, game, station, wrestling, music
48, district, oblast, rural, file, woman
49, district, oblast, language, rural, german
50, airport, party, island, jewish, king
51, tax, art, air, squadron, chart
52, airport, woman, file, nuclear, energy
53, israel, nuclear, cell, language, woman
54, station, art, cell, city, channel
55, air, street, park, state, road
56, german, school, test, airport, road
57, police, county, award, water, service
58, school, art, india, season, theory
59, band, film, tour, color, school
60, city, file, svg, god, san
61, band, water, frac, language, health
62, river, airport, county, music, model
63, school, company, india, cell, file
64, police, card, award, park, southampton
65, editor, police, sound, city, tax
66, race, building, health, test, house
67, county, woman, cell, india, ship
68, card, god, editor, woman, sound
69, batman, race, tax, cell, church
70, editor, county, sound, island, australia
71, award, company, woman, cell, best
72, health, county, batman, medical, patient
73, southampton, race, city, editor, england
74, nuclear, award, new, best, species
75, india, jews, race, jewish, indian
76, card, award, nuclear, book, best
77, southampton, card, york, city, india
78, film, island, nuclear, card, woman
79, nuclear, dnp, tax, san, party
80, southampton, island, barrie, tax, hampshire
81, dnp, island, police, engine, gas
82, state, card, ship, race, football
83, southampton, tax, water, school, car
84, card, island, file, australia, state
85, barrie, dnp, song, football, yard
86, barrie, tax, water, street, color
87, cell, dnp, french, card, league
88, barrie, oil, space, company, court
89, dnp, barrie, street, batman, card
90, dnp, korea, korean, style, south
91, barrie, southampton, division, bank, hampshire
92, dnp, style, southampton, color, background
93, park, isbn, episode, emperor, frac
94, police, french, team, road, earth
95, batman, state, tax, regiment, building
96, tamil, union, french, israel, water
97, engine, park, card, korean, korea
98, state, bank, city, kong, hong
99, frac, partial, team, theatre, song
100, french, kong, hong, wine, island
101, isbn, tax, woman, new, tamil
102, tamil, king, park, island, water
103, batman, song, isbn, oil, french
104, island, tax, company, school, isbn
105, tamil, city, canada, canadian, russian
106, beta, alpha, park, tamil, firefox
107, theatre, alpha, beta, welles, producer
108, kong, hong, energy, san, group
109, theatre, street, file, relation, frac
110, city, isbn, emperor, day, partial
111, theatre, wine, division, release, batman
112, island, group, bridge, city, jews
113, kong, hong, wine, puerto, song
114, tamil, language, ireland, isbn, park
115, tamil, producer, route, welles, bus
116, producer, wine, executive, ireland, irish
117, kong, hong, dog, producer, regiment
118, island, language, san, water, isbn
119, tamil, kong, court, hong, oil
120, bridge, bank, ireland, irish, team
121, law, road, image, line, windows
122, temple, producer, group, court, capacitor
123, style, wine, capacitor, radio, river
124, batman, beta, alpha, company, british
125, dog, kong, hong, minister, style
126, german, city, student, wine, thomas
127, tamil, dog, iran, producer, railway
128, dog, german, woman, language, king
129, feat, producer, species, law, nuclear
130, language, temple, union, employee, wine
131, tamil, canada, police, isbn, child
132, temple, day, saint, language, bridge
133, welles, orson, min, language, minister
134, minister, library, united, century, states
135, welles, orson, min, ireland, division
136, bridge, welles, city, isbn, min
137, dog, model, child, party, wine
138, welles, orson, min, saint, oil
139, dog, stadium, canada, group, union
140, wine, dog, welles, image, color
141, university, wine, language, col, power
142, language, japan, batman, bbc, japanese
143, color, street, class, isbn, college
144, temple, bear, thomas, american, player
145, wine, dog, bridge, health, street
146, tank, horse, iran, park, london
147, feat, remix, nhl, tank, partial
148, division, university, music, albanian, dog
149, stadium, system, tank, town, temple
150, japan, stadium, horse, japanese, ireland
151, library, color, energy, tank, day
152, station, tank, producer, engine, minister
153, library, network, day, woman, cup
154, bus, feat, wine, image, horse
155, horse, capacitor, color, music, bridge
156, club, miss, capacitor, library, tank
157, flag, group, state, japan, library
158, partial, boldsymbol, university, producer, french
159, iran, oil, india, town, day
160, bank, round, council, color, iran
161, partial, boldsymbol, capacitor, color, party
162, miss, bridge, library, isbn, station
163, town, university, feat, bridge, image
164, flag, lake, road, network, law
165, coin, iran, station, lake, division
166, miss, col, feat, cpt, water
167, library, col, law, temple, flag
168, oil, pakistan, polish, cell, coin
169, miss, file, iran, dog, teen
170, synonym, horse, oil, lake, township
171, system, club, bbc, mexico, russian
172, miss, child, coin, synonym, van
173, synonym, college, round, oil, coin
174, polish, bus, poland, flag, synonym
175, club, polish, synonym, iran, child
176, polish, scout, oil, poland, lake
177, score, expressway, group, line, temple
178, round, college, flag, league, day
179, synonym, system, saint, van, memorial
180, feat, radio, bbc, tour, miss
181, van, tank, king, jesus, ford
182, flag, squadron, bus, club, tank
183, polish, police, tour, roman, poland
184, miss, cell, pakistan, coin, bear
185, township, system, stadium, series, syllable
186, van, college, scout, council, pakistan
187, college, texas, house, star, round
188, van, polish, dutch, poland, state
189, syllable, miss, marriage, series, isil
190, van, fort, series, cell, flag
191, lake, colspan, firefox, stadium, plant
192, firefox, colspan, graph, van, cell
193, tour, system, album, star, van
194, windows, child, lake, squadron, british
195, syllable, texas, black, album, albanian
196, lake, matrix, colspan, town, model
197, firefox, stadium, college, group, graph
198, town, ford, township, student, ateneo
199, armenian, polish, stadium, turkish, armenia
200, lake, bridge, flag, squadron, band
201, van, texas, windows, season, coin
202, liga, syllable, matrix, memory, van
203, star, pakistan, science, squadron, tour
204, liga, model, series, space, club
205, armenian, van, firefox, liga, law
206, lake, texas, coin, bridge, ateneo
207, liga, smith, expressway, untitled, song
208, liga, firefox, syllable, sexual, graph
209, event, slave, township, ball, album
210, matrix, india, college, syllable, ibn
211, scout, matrix, liga, expressway, album
212, ateneo, matrix, africa, british, state
213, syllable, scout, fire, capacitor, smith
214, town, club, horse, graph, liga
215, london, marriage, ford, child, club
216, protein, album, tour, squadron, raf
217, expressway, band, war, air, division
218, graph, college, alexander, plate, battle
219, expressway, texas, image, lens, lake
220, alexander, liga, township, dance, texas
221, fort, liga, castle, coin, bahá
222, syllable, doctor, graph, windows, texas
223, graph, superman, september, bishop, ford
224, memory, ford, stadium, cache, club
225, castle, graph, fort, college, disney
226, smith, windows, bridge, club, ateneo
227, liga, windows, road, team, stadium
228, alexander, expressway, superman, whale, operatorname
229, syllable, series, green, club, windows
230, alexander, bahá, firefox, arm, image
231, expressway, whale, album, svg, ring
232, boldsymbol, theta, system, expressway, svg
233, arm, operatorname, syllable, coat, disney
234, superman, expressway, cork, boldsymbol, london
235, fort, africa, september, album, jesus
236, alexander, scout, nba, act, disney
237, doctor, boldsymbol, alexander, superman, bahá
238, alexander, ford, graph, division, boldsymbol
239, star, whale, smith, doctor, lens
240, boldsymbol, gas, texas, series, windows
241, superman, series, bahá, smith, partial
242, disney, fort, model, dance, north
243, mexico, syllable, disney, stadium, graph
244, singapore, bangladesh, whale, bahá, bus
245, dance, ford, syllable, coach, channel
246, alexander, peer, apple, lord, bahá
247, boldsymbol, castle, korea, marvel, image
248, whale, alexander, bangladesh, festival, castle
249, fort, deficient, tank, composite, green
250, bangladesh, bahá, ford, cancer, boldsymbol
251, deficient, composite, abundant, prime, syllable
252, deficient, composite, singapore, coach, superman
253, bahá, tour, service, mexico, road
254, creek, alexander, series, armenian, cancer
255, texas, doctor, green, corps, thomas
256, slave, dance, colspan, scotland, championship
257, dance, car, operatorname, matrix, syllable
258, bangladesh, show, stamp, creek, town
259, zealand, ford, dance, rugby, castle
260, doctor, ford, castle, superman, tour
261, dance, museum, stadium, whale, alexander
262, class, creek, doctor, mine, vehicle
263, bangladesh, canal, west, ford, castle
264, castle, museum, bangladesh, lens, jackson
265, bangladesh, cancer, whale, disney, fire
266, canal, bangladesh, tank, stamp, theatre
267, singapore, canal, system, smith, london
268, canal, ukraine, africa, bangladesh, ukrainian
269, whale, chess, bahá, disney, power
270, portuguese, use, castle, colspan, channel
271, channel, alexander, railroad, mexico, win
272, creek, whale, greek, portuguese, dance
273, smith, bangladesh, chicago, village, channel
274, house, service, fire, lens, plate
275, canal, river, show, chicago, character
276, canal, zealand, marriage, ford, bangladesh
277, class, cancer, smith, piano, song
278, canal, opera, guitar, class, portuguese
279, vietnam, vietnamese, tour, telugu, ball
280, house, opera, green, corps, disney
281, opera, unknown, singapore, syllable, soviet
282, chess, museum, bangladesh, chicago, bbc
283, london, singapore, chess, thomas, mexico
284, ford, bangladesh, fort, telugu, stamp
285, black, bangladesh, ukraine, museum, speed
286, castle, chess, italian, battalion, lambda
287, lambda, operatorname, doctor, chess, zealand
288, jackson, whale, lambda, black, plant
289, museum, ball, class, poem, stamp
290, smith, fire, lens, canal, trump
291, ukraine, ukrainian, store, smith, italian
292, museum, ford, town, design, player
293, intelligence, black, food, los, angeles
294, jackson, village, spanish, series, match
295, jackson, canal, house, speed, class
296, telugu, smith, zealand, parish, ukraine
297, streak, trump, lambda, player, spanish
298, stamp, parish, memory, black, village
299, museum, dance, spanish, albanian, lens
300, stamp, york, scotland, scottish, whale
301, parish, williams, team, singapore, power
302, cancer, russian, jackson, chicago, london
303, castle, store, italian, family, romanian
304, artwork, london, gun, trump, letter
305, jackson, artwork, event, river, player
306, albanian, stamp, network, italian, albania
307, telugu, jackson, festival, image, hindi
308, jackson, operatorname, lambda, district, yard
309, cao, class, bahá, museum, player
310, bar, port, festival, point, green
311, parish, cancer, opera, trump, bahá
312, jackson, ball, national, green, thomas
313, jackson, museum, scotland, health, scottish
314, artwork, virus, boldsymbol, streak, player
315, artwork, rape, fort, president, marriage
316, smith, grand, thomas, chicago, florida
317, best, parish, corps, child, football
318, visa, village, colorado, mountain, republic
319, zealand, plate, class, festival, green
320, artwork, village, italian, zealand, trump
321, british, health, colspan, brazil, zealand
322, light, man, code, food, theta
323, green, trump, williams, unknown, republic
324, trump, pilot, khan, district, virginia
325, festival, railroad, smith, show, ball
326, village, best, isil, ghz, drug
327, parish, whale, wind, party, district
328, village, pilot, battalion, class, unknown
329, republic, florida, employee, pakistan, american
330, pilot, ball, jazz, hall, castle
331, drug, engineering, los, gold, angeles
332, streak, williams, act, festival, bahá
333, plate, creek, cao, village, route
334, telugu, williams, point, plate, jackson
335, light, hitler, memory, point, baltimore
336, williams, colorado, family, english, jersey
337, forest, florida, class, safe, chicago
338, trump, cao, pilot, rugby, mary
339, megatron, transformers, jazz, prime, optimus
340, camp, voice, plate, child, gay
341, drug, engineering, program, regiment, fire
342, parish, cao, zealand, creek, virginia
343, unknown, florida, yard, safe, ukraine
344, pilot, ontario, megatron, singapore, transformers
345, english, animal, book, channel, rock
346, heat, code, village, group, zealand
347, khan, trump, christmas, show, jazz
348, williams, telugu, bay, child, route
349, colorado, pilot, cao, hitler, show
350, animal, florida, man, wear, iraq
351, ontario, animal, page, telugu, mexico
352, engineering, fish, battalion, yard, harry
353, pilot, virginia, parish, voice, jersey
354, trump, jazz, baltimore, unknown, rugby
355, colorado, williams, carolina, program, man
356, mix, mixer, remix, festival, animal
357, streak, food, johnson, mill, light
358, florida, johnson, dutch, virus, voice
359, battalion, news, hall, class, red
360, creek, china, unknown, tea, khan
361, colorado, florida, player, family, design
362, hall, khan, florida, player, prince
363, garden, williams, code, light, ball
364, brown, mill, johnson, pope, west
365, brown, garden, harry, tea, khan
366, unknown, ball, oregon, animal, power
367, ontario, thomas, telugu, romanian, bishop
368, battalion, telugu, brigade, point, food
369, virginia, streak, west, oregon, cao
370, jersey, streak, stage, national, railroad
371, man, records, cat, colorado, group
372, ontario, streak, page, tea, colorado
373, london, red, mill, man, dutch
374, oregon, mine, hall, garden, ghz
375, forest, red, telugu, ghz, mary
376, johnson, florida, trump, engineering, oregon
377, colorado, bar, brown, safe, light
378, ontario, harry, store, house, sri
379, animal, telugu, page, tea, village
380, johnson, mixer, mars, williams, character
381, mixer, ontario, solar, english, hindi
382, virginia, harry, bishop, character, animal
383, education, rock, johnson, brown, cao
384, soil, general, records, china, khan
385, sri, tea, lanka, telugu, florida
386, hall, colorado, philippines, oregon, johnson
387, johnson, stage, patent, hotel, pokémon
388, mixer, code, abc, drug, news
389, vol, jazz, safe, brown, baltimore
390, tea, vol, pokémon, gold, forest
391, brown, vol, stage, bishop, plate
392, ontario, virginia, camp, brown, remix
393, mixer, florida, mars, pokémon, stage
394, johnson, baltimore, unit, green, north
395, tea, red, ibm, boston, string
396, johnson, hall, soil, memory, boston
397, cao, williams, hall, sri, mars
398, trail, oregon, cao, type, video
399, mixer, brown, pokémon, mill, battle
400, brown, vol, florida, mill, sweden
401, theta, pilot, memory, hall, florida
402, video, metal, voice, solar, mary
403, mary, johnson, michigan, camp, mixer
404, tea, family, mars, oregon, patent
405, harry, social, williams, image, ring
406, bell, super, hall, garden, philippines
407, mill, bell, quantum, theta, text
408, pokémon, mary, brown, columbia, oregon
409, camp, family, florida, red, fox
410, safe, page, dutch, disorder, theta
411, jazz, singh, french, feature, pokémon
412, christmas, coach, lincoln, mill, west
413, johnson, theta, harry, nintendo, animal
414, camp, georgia, string, pokémon, wales
415, patent, bell, hall, oregon, pokémon
416, michigan, theta, detroit, store, soil
417, tea, theta, social, brown, georgia
418, hindi, mars, string, harry, garden
419, harry, code, mary, director, solar
420, harry, piano, paris, energy, theta
421, pokémon, tea, brown, best, food
422, theta, hall, ring, orchestra, pokémon
423, sri, hall, soil, animal, singh
424, page, jones, colorado, remix, mix
425, german, safe, wolf, jones, festival
426, mixer, boston, patent, bell, egypt
427, french, act, education, sri, number
428, pokémon, big, fuel, gold, hindi
429, christian, white, mountain, chicago, queensland
430, mary, liberal, boston, food, player
431, harry, patent, boston, hotel, european
432, field, player, track, baltimore, cherokee
433, sri, patent, man, bell, opponent
434, singh, white, williams, mary, tea
435, chicago, grade, boston, thomas, string
436, garden, harrison, patent, social, rally
437, wolf, food, republic, big, republican
438, field, hall, williams, patent, syllable
439, pokémon, garden, singh, area, book
440, pokémon, sri, trail, general, lanka
441, harry, huang, food, pokémon, rugby
442, turkish, wolf, safe, virus, patent
443, sri, unit, rally, trail, boston
444, chicago, hotel, jersey, hindi, conference
445, wolf, pokémon, paris, string, sri
446, hotel, area, jersey, league, thomas
447, mary, wolf, columbia, garden, grand
448, rally, pokémon, usa, voice, cat
449, book, untitled, fox, harrison, bbc
450, football, corps, min, hitler, khan
451, trail, hindi, pokémon, fish, ibn
452, jones, mixer, best, safe, indiana
453, khan, set, society, gas, pope
454, jones, store, national, bell, fuel
455, hotel, detroit, mathrm, voice, min
456, jersey, ring, pokémon, hotel, safe
457, dragon, mathrm, beer, ice, white
458, opera, bell, ring, rowspan, chess
459, wolf, jones, jersey, johnson, galaxy
460, jones, voice, rock, singh, hall
461, rowspan, pokémon, virus, type, harrison
462, khan, building, stage, string, force
463, usa, lincoln, acid, unit, book
464, columbia, man, israel, pokémon, german
465, wolf, pokémon, hill, director, soil
466, hotel, jones, apple, railroad, fox
467, wolf, huang, page, peirce, mathrm
468, hotel, ice, harrison, pokémon, mathrm
469, string, rider, jones, khan, ride
470, scientology, program, gold, prince, wolf
471, rowspan, trail, vol, society, jones
472, lincoln, jones, fox, boston, singh
473, scientology, jersey, fuel, national, protein
474, fox, voice, boston, white, kosovo
475, min, forest, lincoln, galaxy, garden
476, dragon, lincoln, mary, american, feature
477, usa, chicago, huang, protein, california
478, wolf, land, safe, singh, thai
479, beer, vol, medical, wolf, conference
480, jones, hotel, mathrm, trail, dragon
481, bell, cache, rider, valley, national
482, jones, rowspan, hindi, page, hungarian
483, intelligence, cia, land, wind, light
484, jones, beer, kosovo, battery, camp
485, mathrm, jazz, red, string, chart
486, tennessee, kentucky, education, theory, forest
487, jazz, garden, christmas, fuel, security
488, white, ring, trail, soil, mill
489, hill, beach, isil, beer, big
490, miller, scientology, prince, bell, mill
491, high, john, valley, nintendo, dragon
492, ice, hotel, kosovo, voice, latin
493, ring, capital, railroad, camp, social
494, jones, boston, railroad, network, wolf
495, fox, usa, dragon, bell, council
496, mathrm, voice, egypt, scientology, columbia
497, fox, video, patent, degree, sam
498, usa, bell, ifbb, wilson, min
499, garden, director, hotel, patent, virginia
500, mathrm, vampire, oregon, scientology, ifbb
501, fox, tennessee, hill, wind, mary
502, voice, wilson, gamma, harrison, tram
503, usa, palestinian, columbia, hamas, mathrm
504, galaxy, usa, israel, oregon, rock
505, ice, lincoln, digital, notre, hamas
506, columbia, coach, lincoln, galaxy, beach
507, soil, hungarian, hill, product, history
508, dragon, records, tennessee, miller, tournament
509, galaxy, man, fox, scientology, samsung
510, bell, medal, galaxy, rider, hindi
511, huang, columbia, tennessee, malaysia, railroad
512, scientology, dam, kosovo, hubbard, miller
513, lincoln, trail, news, cuba, protein
514, lincoln, madonna, cuba, international, sir
515, galaxy, lincoln, version, wolf, community
516, fox, mathrm, feature, train, battery
517, set, rider, ice, clinton, cat
518, scientology, brigade, love, bell, protein
519, fox, metal, bay, society, white
520, hill, ice, galaxy, jersey, tennessee
521, madonna, trail, galaxy, pages, love
522, columbia, area, manchester, cat, fuel
523, lincoln, jazz, country, director, order
524, wilson, galaxy, ibn, christian, huang
525, white, hill, cuba, ring, cat
526, egypt, kosovo, egyptian, order, isil
527, battery, columbia, kansas, hospital, missouri
528, fox, hindi, huang, dragon, hill
529, galaxy, cache, hotel, khan, john
530, society, cache, tennessee, royal, hotel
531, breuning, metal, fox, shakespeare, program
532, bulgarian, name, volume, hotel, ice
533, gamma, dragon, dam, page, painting
534, gamma, indiana, key, cathedral, rifle
535, august, insurance, scientology, saudi, dragon
536, garden, collins, tennessee, forest, bird
537, gamma, wilson, miller, conference, version
538, columbia, cat, wikipedia, lincoln, scientology
539, clinton, columbia, hotel, trail, security
540, ward, queensland, hill, rail, dragon
541, bell, cache, rider, google, palestinian
542, wilson, lincoln, manchester, beach, verb
543, dam, feature, miller, track, wilson
544, madonna, pages, insurance, bell, battery
545, cache, white, hill, stage, rowspan
546, kennedy, wilson, gamma, washington, manchester
547, love, wilson, prison, egypt, beach
548, indiana, none, march, verb, earp
549, cuba, august, garden, fox, dragon
550, cuba, cuban, henry, cat, protein
551, cat, ifbb, gamma, john, miller
552, wilson, dragon, galaxy, mountain, mars
553, carpet, wikipedia, glass, oregon, ifbb
554, solar, john, gamma, earp, society
555, madonna, pages, mathrm, tower, ifbb
556, argent, madonna, mathrm, track, bond
557, book, gordon, wilson, houston, jack
558, columbia, jack, mary, feature, james
559, wilson, rider, wind, theory, memory
560, ifbb, order, international, saudi, earp
561, copyright, program, collins, solar, key
562, jack, pages, liberal, california, history
563, jack, gamma, ward, march, tennessee
564, miller, earp, metal, ifbb, media
565, key, ring, rank, tobacco, type
566, madonna, pages, tram, track, christmas
567, wilson, hungarian, manchester, rail, spr
568, dragon, collins, wave, louis, wang
569, wikipedia, type, earp, google, anarchist
570, ifbb, fox, collins, rider, conference
571, collins, oregon, gamma, madonna, dam
572, solar, tower, tram, wall, patent
573, pages, miller, gordon, vol, march
574, dragon, love, protein, records, harrison
575, reserve, ifbb, bird, medical, wilson
576, society, carpet, locomotive, blue, oklahoma
577, book, bay, social, director, forest
578, track, carter, avenue, rice, notre
579, bond, valley, copyright, country, battle
580, track, blood, none, copyright, rider
581, collins, wilson, verb, dam, apple
582, collins, wilson, bomb, hill, jack
583, earp, mountain, wilson, collins, director
584, carter, bond, machine, dragon, notre
585, carter, name, dam, vol, clinton
586, carter, miller, kennedy, dir, bond
587, track, dir, bond, ohio, glass
588, dam, ward, collins, railroad, argent
589, washington, jack, iowa, wall, hamilton
590, glass, wilson, argent, blue, google
591, gordon, collins, open, march, sign
592, collins, miller, hill, bird, insurance
593, valley, wave, collins, high, beach
594, madrid, indonesia, taylor, real, dir
595, miller, jack, million, signal, hill
596, carter, houston, wilson, rider, glass
597, carter, miller, lee, earp, feature
598, houston, martin, march, chamberlain, google
599, carter, earp, wyatt, hamilton, glass
600, dir, carpet, carter, copyright, cache
601, james, bond, solar, land, earp
602, dir, jack, gordon, martin, march
603, miller, iowa, collins, hungarian, washington
604, bush, ward, houston, ohio, jazz
605, martin, key, vampire, buffy, conference
606, carter, mountain, unit, vampire, buffy
607, blue, glass, name, insurance, gordon
608, dir, glass, locomotive, wikipedia, dam
609, carter, dir, davis, collins, taiwan
610, ward, iron, carpet, miller, forest
611, love, collins, missile, suit, citizenship
612, ward, martin, beach, paul, pennsylvania
613, taylor, zoo, wikipedia, square, rail
614, wikipedia, carter, rice, march, dragon
615, pages, buffy, vampire, hotel, ifbb
616, ibm, wikipedia, notre, dame, glass
617, hamilton, dir, collins, james, cave
618, glass, collins, president, alabama, name
619, iowa, ibm, liberal, copyright, mass
620, dir, ward, ibm, gamma, submarine
621, hospital, hill, chamberlain, bond, pages
622, rice, bush, gordon, collins, pages
623, collins, def, object, christmas, gamma
624, davis, martin, gordon, taylor, gamma
625, dir, taiwan, blue, christmas, province
626, def, james, community, assembly, china
627, march, kennedy, bush, christmas, infantry
628, copyright, iowa, carter, jack, collins
629, clinton, insurance, raf, reserve, rape
630, martin, organ, dam, shakespeare, clinton
631, rape, iowa, rank, security, taylor
632, rice, indonesia, dam, chamberlain, digital
633, def, march, jazz, prince, hungarian
634, rice, zoo, battle, hamilton, missile
635, carter, sea, collins, battle, zoo
636, iowa, taiwan, valley, rice, hamilton
637, tower, ballet, organ, rice, kim
638, washington, glass, martin, collins, clinton
639, carter, houston, alabama, ballet, pages
640, iowa, houston, davis, pages, chamberlain
641, gordon, ballet, wilson, glass, martin
642, gordon, track, saudi, cherokee, houston
643, tram, hamilton, indiana, bush, anarchist
644, ballet, martin, society, ibm, toronto
645, ibm, taylor, prize, anarchist, beach
646, machine, march, copyright, cherokee, community
647, clinton, boat, cemetery, final, wikipedia
648, wave, davis, bush, alabama, cavalry
649, oklahoma, madonna, hamilton, tunnel, manchester
650, bush, madonna, professor, indonesia, martin
651, indonesia, alabama, oklahoma, indonesian, flash
652, davis, beach, taylor, collins, shark
653, james, media, battery, stone, bush
654, chamberlain, houston, chuck, kennedy, type
655, martin, clinton, metal, prize, ward
656, hamilton, ballet, beach, cherokee, march
657, gordon, march, kennedy, english, highway
658, ballet, collins, zoo, process, paul
659, rice, rail, louis, bush, ride
660, hamilton, kennedy, valley, ballet, alabama
661, rail, oklahoma, beach, tower, isil
662, indonesia, reserve, march, madonna, denmark
663, california, cherokee, province, iowa, labour
664, martin, pages, wikipedia, clinton, prince
665, martin, volume, set, shakespeare, liberal
666, cave, pages, video, ward, indonesia
667, cave, alabama, ward, peter, chamberlain
668, indiana, bush, press, oklahoma, rape
669, chamberlain, paul, ballet, volume, object
670, brain, clan, palace, hill, novel
671, alabama, madonna, labour, filter, beach
672, novel, davis, filter, federal, trade
673, def, process, kite, collins, chord
674, taiwan, james, paul, professor, process
675, cave, kite, pages, scott, google
676, chuck, glass, morgan, bush, sarah
677, ballet, ohio, arkansas, name, iowa
678, chuck, hamilton, morgan, china, final
679, cave, iowa, cherokee, clan, pages
680, valley, process, bird, jerusalem, zoo
681, indiana, ward, machine, glass, submarine
682, california, louis, madonna, cave, country
683, gordon, ibm, ufc, rice, jack
684, chamberlain, paul, henry, cave, rail
685, taylor, cherokee, danish, lee, denmark
686, guard, chamberlain, alabama, professor, taylor
687, iowa, ballet, national, scott, volume
688, pages, wikipedia, bush, iron, moon
689, reserve, ballet, cherokee, tiger, pages
690, def, chamberlain, iowa, peter, gordon
691, ballet, abortion, boat, gordon, submarine
692, pages, chamberlain, indiana, washington, oklahoma
693, taylor, men, pages, novel, bowl
694, davis, gordon, object, kim, pages
695, kite, houston, taiwan, utah, clock
696, oklahoma, cave, hamilton, paul, peter
697, martin, davis, guard, shark, zoo
698, cadet, peter, zoo, boat, men
699, roosevelt, copyright, cherokee, taylor, ibm
700, labour, kite, channel, tale, municipality
701, sydney, bet, kite, melbourne, justice
702, phoenix, oklahoma, professor, houston, glass
703, kite, def, clock, taylor, utah
704, kite, taylor, pages, rice, block
705, guard, kite, copyright, page, ohio
706, bond, kansas, object, meyrick, davis
707, prize, james, toronto, name, moon
708, kite, valley, manchester, government, peter
709, ohio, henry, paul, cave, taylor
710, bach, moon, prize, taiwan, security
711, clan, james, oklahoma, cave, davis
712, taiwan, trust, taylor, mark, cave
713, clan, berlin, reserve, oklahoma, clinton
714, davis, hamilton, ohio, cave, rank
715, iowa, kite, davis, alabama, stone
716, alabama, municipality, dylan, bicycle, bob
717, davis, rail, gene, love, indiana
718, zoo, hip, cemetery, muscle, hop
719, cave, oklahoma, scott, map, mathbb
720, abortion, oklahoma, louis, lewis, taylor
721, ballet, kentucky, word, software, detroit
722, def, tower, davis, process, society
723, taylor, meyrick, cadet, training, omega
724, lewis, kite, paul, berlin, shark
725, peter, toronto, kite, blood, ballet
726, hart, toronto, peter, roosevelt, avenue
727, meyrick, palace, shark, block, kentucky
728, cave, scott, municipality, laser, hip
729, cave, public, guard, server, press
730, key, toronto, ohio, filter, kentucky
731, oklahoma, berlin, houston, taylor, def
732, oklahoma, taylor, volume, chamberlain, prince
733, meyrick, kite, filter, paul, louis
734, taylor, meyrick, trust, tram, satellite
735, meyrick, chamberlain, davis, case, organ
736, taylor, kite, copyright, direct, filter
737, peter, cherokee, louis, capital, satellite
738, tunnel, scott, mathbb, chamberlain, boat
739, meyrick, direct, cave, paul, lewis
740, henry, filter, scott, adams, municipality
741, lewis, shakespeare, valve, omega, william
742, toronto, santa, professor, mark, kentucky
743, control, louisiana, rank, body, prize
744, lewis, chile, wikipedia, clark, lab
745, algebra, hamilton, laser, kamen, week
746, meyrick, roosevelt, kansas, eagle, rank
747, lewis, queen, block, member, peirce
748, roosevelt, louisiana, utah, bill, salt
749, adams, northern, satellite, professor, lewis
750, hart, chile, mathbb, shark, meyrick
751, scott, filter, shark, taylor, flash
752, scott, paul, hamilton, rail, louis
753, moon, lewis, kite, key, shark
754, stone, alabama, east, governor, hip
755, direct, value, federal, flash, girl
756, organ, week, professor, shark, google
757, tunnel, business, disease, server, omega
758, robot, james, bill, alaska, moon
759, clan, mark, adams, michael, brake
760, clan, acid, algebra, week, direct
761, chile, kansas, eagle, hart, scott
762, lewis, psychology, detroit, utah, clark
763, shark, santa, lewis, roosevelt, rank
764, james, lewis, chuck, louisiana, direct
765, kentucky, hart, adams, cave, trust
766, lab, brain, stone, con, avenue
767, block, zoo, boat, moon, dylan
768, lewis, place, edition, sign, grant
769, lewis, adams, stone, prize, arena
770, arabic, berlin, chamberlain, command, mathbb
771, hair, digital, google, hart, louis
772, hart, utah, professor, lab, page
773, louis, infantry, track, mark, james
774, lewis, shark, james, fighter, justice
775, lithuania, laser, lithuanian, lewis, chamberlain
776, direct, abortion, louisiana, joseph, hart
777, adams, peter, laser, psychology, clan
778, adams, lab, con, shark, direct
779, berlin, command, standard, municipality, row
780, roosevelt, blood, tunnel, filter, adams
781, alaska, kite, gear, records, mouse
782, lewis, santa, wang, detroit, robot
783, english, adams, tower, flash, gear
784, detroit, east, lab, communist, con
785, utah, gear, philadelphia, mouse, television
786, lens, kentucky, cave, brake, utah
787, community, roosevelt, municipality, argentina, wing
788, stone, michael, muscle, coal, milk
789, adams, lab, holmes, con, price
790, adams, scott, eagle, borough, shark
791, lithuania, blues, lithuanian, holmes, cavalry
792, adams, abortion, roosevelt, brake, parliament
793, boat, laser, milk, shelley, tna
794, michigan, holmes, direct, toronto, tunnel
795, scott, omega, palace, tiger, digital
796, william, utah, bill, flash, user
797, sierra, highway, direct, alaska, leone
798, lab, con, tunnel, mouse, laser
799, direct, roosevelt, cavalry, tunnel, santa
800, santa, gender, abortion, prize, clan
801, arabic, phoenix, michael, chile, cemetery
802, mark, operation, filter, eagle, detroit
803, east, volume, bat, arkansas, robot
804, palace, borough, berlin, machine, justice
805, project, diamond, sun, region, federal
806, chile, direct, sierra, delta, lewis
807, gear, scott, jordan, site, argentina
808, phoenix, shark, week, hart, municipality
809, borough, arkansas, sydney, grant, prize
810, scott, psychology, disease, tunnel, arabic
811, public, clark, abortion, psychology, sierra
812, digital, prize, user, valve, toronto
813, roosevelt, gene, arena, palace, coal
814, scott, price, study, camera, population
815, lewis, wang, diamond, cross, cao
816, delta, work, block, public, chile
817, adams, love, open, edition, date
818, scott, breast, alaska, coal, holmes
819, clark, liu, version, diamond, bomb
820, filter, juventus, map, serie, cycle
821, sydney, milk, berlin, sierra, week
822, holmes, carr, bin, violence, block
823, cemetery, toronto, montreal, cycle, highway
824, ira, hat, palace, muscle, anderson
825, omega, liu, coal, gough, william
826, prize, holmes, cdot, vec, cemetery
827, highway, direct, milk, shark, breed
828, control, stone, william, centre, knife
829, tunnel, wang, map, breast, tower
830, adams, omega, carr, michael, flash
831, alaska, robot, holmes, anderson, tunnel
832, michael, palace, kentucky, alaska, psychology
833, liu, prize, lewis, east, chamberlain
834, week, clark, sun, hart, toronto
835, simpson, trade, santa, james, paul
836, liu, scott, filter, shark, foreign
837, highway, tale, prize, diamond, leeds
838, leeds, sun, laser, tower, highway
839, liu, alaska, leeds, tiger, mathbb
840, holmes, alaska, sun, lithuania, marathon
841, norway, david, norwegian, coal, lithuania
842, robot, bin, sierra, tunnel, carr
843, santa, liu, alaska, convention, gender
844, highway, judge, juventus, serie, cape
845, tiger, cemetery, breast, sun, clock
846, bat, arabic, delta, tunnel, east
847, anderson, norway, william, norwegian, pittsburgh
848, camera, breast, girl, contract, committee
849, delta, sierra, victoria, denmark, danish
850, camera, volume, robot, scott, wang
851, wang, bin, clock, motor, cao
852, bat, kentucky, cable, carr, cross
853, sun, kentucky, bat, santa, cable
854, cemetery, arabic, clark, rape, intel
855, tesla, yang, robot, bach, dylan
856, borough, east, brake, terminal, arabic
857, laser, tesla, scott, study, wright
858, knife, trust, blade, victoria, bat
859, place, santa, diamond, study, simpson
860, coal, elementary, hat, murray, mario
861, prize, omega, map, ira, victoria
862, knife, blade, infantry, wing, wang
863, violence, anderson, tesla, lebanon, philadelphia
864, holmes, morgan, jordan, robot, week
865, tibet, sun, bat, august, jump
866, arabic, sydney, eagle, algorithm, chapter
867, coffee, sierra, tunnel, municipality, clark
868, tunnel, jordan, dylan, charles, kentucky
869, eagle, sierra, anderson, submarine, morgan
870, communist, election, grant, gough, community
871, coal, abc, liu, jordan, marathon
872, palace, simpson, knife, arabic, borough
873, clock, coal, communist, marine, clark
874, marathon, palace, row, scope, wang
875, gallery, morgan, jordan, direct, communist
876, wing, holmes, adams, east, marine
877, blues, robot, borough, stone, chapter
878, palace, hair, robot, monster, hybrid
879, clark, centre, chile, wang, morgan
880, juventus, serie, vec, memorial, cavalry
881, sun, stone, anderson, project, james
882, anderson, sun, passport, place, boat
883, clark, anderson, run, stone, liu
884, chile, map, filter, cbs, trust
885, michael, robot, flash, operation, clark
886, anderson, centre, project, gender, murray
887, breast, jordan, borough, television, blues
888, gallery, sigma, jump, block, live
889, carr, quebec, jordan, montreal, serbia
890, special, case, delta, justice, toronto
891, juventus, victoria, serie, melbourne, bin
892, simpson, municipality, equation, arabic, project
893, jordan, tibet, marathon, cdot, tibetan
894, yang, row, scope, wright, anderson
895, justice, leeds, chapter, copper, master
896, morgan, clark, arkansas, gear, bat
897, robot, direct, academy, morgan, cemetery
898, breast, magazine, anderson, chapter, vec
899, anderson, tiger, place, diamond, duke
900, anderson, murray, marathon, diamond, morgan
901, zone, paul, caesar, central, kannada
902, simpson, anderson, zoo, board, pittsburgh
903, wright, carr, monster, rangers, tiger
904, anderson, clark, monster, technology, borough
905, tiger, simpson, technology, abortion, version
906, mark, clark, delta, wright, place
907, map, monster, carr, coffee, shelley
908, map, wang, laser, sydney, wright
909, simpson, hiro, coffee, gough, mark
910, simpson, tiger, central, holden, distribution
911, jordan, tesla, morgan, diamond, passport
912, simpson, earth, cemetery, diamond, murray
913, blues, grant, zone, alaska, tesla
914, blues, islands, mark, jordan, david
915, marathon, big, sweden, kelly, knife
916, quebec, murray, ireland, montreal, gough
917, simpson, carr, tiger, story, hat
918, diamond, kannada, lebanon, murray, hiro
919, allen, abc, sun, richard, wright
920, simpson, cbs, nbc, tesla, lebanon
921, grant, abc, diamond, william, colombia
922, diamond, blues, minnesota, local, node
923, tiger, william, brake, clark, palace
924, simpson, sign, sonic, architecture, delta
925, kannada, wing, passport, arkansas, ant
926, wang, islands, victoria, pittsburgh, violence
927, kannada, violence, dylan, board, carbon
928, wright, bee, young, indian, abc
929, anderson, coffee, pittsburgh, board, big
930, simpson, young, intel, tire, anderson
931, david, blues, milk, actress, anderson
932, trust, gough, richard, bill, finland
933, sonic, islands, david, france, credit
934, wright, zone, kannada, tesla, sigma
935, cape, nova, kannada, scotia, cadet
936, coffee, trust, policy, submarine, serbia
937, wright, kannada, kelly, pittsburgh, abc
938, bee, guevara, sonic, che, wing
939, clark, culture, project, academy, ali
940, david, date, technology, cemetery, wright
941, bat, sigma, borough, violence, obama
942, tesla, carr, element, bee, arizona
943, hiro, bee, trust, sonic, islands
944, borough, kannada, murray, motor, wright
945, kannada, leeds, omaha, murray, david
946, murray, illinois, actor, trust, price
947, kelly, murray, actor, blues, zone
948, anderson, minnesota, grant, kelly, bat
949, coffee, blues, wright, tesla, sonic
950, abc, jefferson, actor, clark, dallas
951, coffee, wright, sun, wang, control
952, omaha, kannada, shakespeare, quebec, election
953, technology, von, yoga, wright, yang
954, kannada, wright, kelly, minnesota, section
955, guevara, che, ant, sonic, breed
956, call, borough, level, governor, seal
957, montana, yang, david, wright, cathedral
958, montana, kelly, nova, ant, robert
959, kannada, guevara, che, week, earth
960, rangers, michael, diamond, list, justice
961, kelly, adam, brake, robert, actor
962, ant, edition, carr, cyprus, von
963, coffee, hiro, ant, cornwall, kelly
964, shelley, brake, snake, cork, allen
965, passport, brake, sleep, kannada, hart
966, omaha, bat, marathon, metro, element
967, seal, liverpool, prime, bosnia, bee
968, simpson, alaska, actor, ghz, market
969, cyprus, tom, mathcal, zone, milk
970, risk, murray, shelley, edition, tire
971, indian, obama, cornwall, hiro, kelly
972, earth, development, cricket, bit, abc
973, von, actor, pittsburgh, obama, zhu
974, hiro, hart, direct, snake, lodge
975, blues, illinois, von, cape, min
976, vec, hms, cdot, diamond, earth
977, sonic, tire, obama, trust, anderson
978, murray, coffee, kelly, bull, rule
979, mask, judge, marathon, dylan, map
980, sleep, mask, omaha, hiro, giants
981, sonic, shelley, nova, scotia, kelly
982, omaha, khmer, foreign, convention, hiro
983, latin, marathon, david, kashmir, hiro
984, hms, omaha, cornwall, pittsburgh, officer
985, shelley, coffee, old, michael, hiro
986, bee, trust, manchester, judge, zone
987, shelley, khmer, allen, sleep, cambodia
988, kelly, dylan, zone, croatia, seal
989, omaha, douglas, earl, kelly, murray
990, pinter, web, tom, obama, coffee
991, kelly, snake, robert, romney, judge
992, kelly, sonic, technology, captain, monster
993, call, branch, sonic, bee, cornwall
994, passport, jefferson, actor, shelley, michael
995, zone, prime, kannada, rommel, david
996, sonic, kashmir, zone, yang, cosby
997, kelly, snake, ira, hat, teen
998, shelley, bosnia, risk, kannada, cycle
999, khmer, association, academy, kashmir, section